mean_a,mean_d,std_dev_a,std_dev_d,median_a,median_d,skewness_a,skewness_d,kurtosis_a,kurtosis_d,rms_a,rms_d,ratio_a/d,classes
0.44598550514650287,0.015534252099191969,0.34638768626961725,0.03805561693717171,-0.4525483399593905,0.0,3.864142411854656,-0.7418972746120714,19.466027049429492,23.33704472779583,0.5052704257375451,0.03806347494646279,28.709815078236133,0
0.5399644157835773,0.014097941449906792,0.33284342872719447,0.03934401062264751,-0.579827560572969,0.0,4.921252579309542,-0.08365919194500875,27.84154682358586,27.95076956568174,0.576357771917756,0.039348205168724025,38.30094043887147,0
0.3498631770789565,0.01535747540389533,0.3340510222244781,0.04258547814946721,-0.37299882707590387,0.0,4.54293253347261,-0.6480964060742372,25.707743609105695,28.379368919437013,0.42836143106610336,0.04258906109554423,22.781294964028778,0
0.43447292286530936,0.01259533953988538,0.2383323572241084,0.030763208545273688,-0.44547727214752497,0.0,4.90998409950972,-0.9383048919234215,29.074640017562864,23.058562606401487,0.456730568825867,0.030781487943242772,34.49473684210526,1
0.41465183590517396,0.013368737581808163,0.2671727618376708,0.032605230780025925,-0.39597979746446665,0.0017677669529663487,4.876783392435216,-0.4165022631021319,28.312712347652802,21.91686405900416,0.44645294754878706,0.032609191572315926,31.016528925619845,1
0.5235904743817263,0.012926795843566569,0.27255353455645875,0.03382716150475459,-0.5038135815954152,0.0035355339059326973,4.752636702826764,-0.4826373797936751,27.146633037297597,24.554799366980657,0.5452076009420632,0.033829766848147216,40.50427350427351,1
